ignore,this
ignore,this
count
147
159
135
156
119
103
196
176
168
120
133
131
137
198
168
135
111
192
140
177
138
114
142
144
161
114
132
133
160
179
152
162
188
110
130
181
126
155
102
132
148
176
169
129
169
193
167
157
177
103
106
173
143
193
120
186
165
197
174
193
123
119
182
181
152
124
180
155
196
123
171
193
158
139
124
141
115
135
125
110
146
161
180
159
191
115
175
166
176
109
176
105
102
154
199
129
102
126
140
188
190
160
112
133
118
113
164
132
158
114
160
123
163
121
161
135
135
195
133
155
155
120
184
122
179
147
177
173
125
122
195
177
185
195
138
192
138
114
181
160
195
110
137
195
103
129
113
179
105
199
107
179
121
126
145
139
157
195
165
120
172
168
141
145
146
187
147
111
